ALTER SESSION set NLS_DATE_FORMAT='DD/MM/YYYY HH24:MI:SS';

DROP   TABLE   TLOCATION2018;
DROP   TABLE   TLOGT2018;
DROP   TABLE   TCLIENT2018;
DROP   TABLE   TIMM2018;
CREATE   TABLE   TIMM2018
(
NOIMM		CHAR(4)	PRIMARY KEY,
ADRIMM	VARCHAR2(80)	NOT NULL, 
DEPTIMM	CHAR(2)	NOT NULL
);


CREATE   TABLE  TCLIENT2018
(
NOCLI		CHAR(6)	        PRIMARY KEY,
NOMCLI		VARCHAR2(20)	NOT NULL
);


CREATE   TABLE   TLOGT2018
(
REFLOG		CHAR(4)		PRIMARY KEY,
NOIMM		CHAR(4)		NOT NULL	REFERENCES	TIMM2018,
SUPERF		NUMBER(4)	NOT NULL,
LOYER		NUMBER(10,2),
NOPROP	CHAR(6)	NOT NULL	REFERENCES TCLIENT2018,
NOLOC		CHAR(6)		REFERENCES	TCLIENT2018,
ETAT		CHAR(1)	NOT NULL CHECK (ETAT IN ('L', 'D', 'P')),
CHECK (NOT (LOYER   IS NULL   AND   ETAT  =  'L')),
CHECK ( NOLOC  IS   NOT NULL   AND    ETAT = 'L'   OR  NOLOC   IS NULL  AND  ETAT <> 'L'),
CHECK (NOPROP <> NOLOC)
);


CREATE   TABLE	   TLOCATION2018
(
REFLOG		CHAR(4)	REFERENCES  TLOGT2018,	
DEBLOC	DATE,
FINLOC		DATE,
NOLOC		CHAR(6)	NOT NULL REFERENCES  TCLIENT2018,
PRIMARY KEY  ( REFLOG, DEBLOC),
CHECK	(DEBLOC  <  FINLOC	OR	FINLOC  IS NULL )
);

insert into TIMM2018 values ('I001','Bd Lafayette Clermont Fd','63');
insert into TIMM2018 values ('I002','Bd de Courtais Montlucon','03');
insert into TIMM2018 values ('I003','Bd Lafayette Clermont Fd','63');

insert into TCLIENT2018 values( 'CL0001','Dupond');
insert into TCLIENT2018 values( 'CL0002','Martin');
insert into TCLIENT2018 values( 'CL0003','Thibaut');
insert into TCLIENT2018 values( 'CL0004','Durand');

insert into TLOGT2018 values('L001','I001',90,450,'CL0001',NULL,'D');
insert into TLOGT2018 values('L002','I001',60,400,'CL0001','CL0002','L');
insert into TLOGT2018 values('L003','I002',60,320,'CL0003','CL0004','L');
insert into TLOGT2018 values('L004','I003',100,700,'CL0003',NULL,'P');
insert into TLOGT2018 values('L005','I001',90,470,'CL0003','CL0002','L');

insert into TLOCATION2018 values('L002','01/09/2017',NULL,'CL0002');
insert into TLOCATION2018 values('L003','01/09/2014',NULL,'CL0004');
insert into TLOCATION2018 values('L005','01/09/2017',NULL,'CL0002');

insert into TLOCATION2018 values('L002','01/09/2013','01/07/2014','CL0002');
insert into TLOCATION2018 values('L002','01/09/2014','01/07/2015','CL0004');
insert into TLOCATION2018 values('L002','01/09/2015','01/07/2016','CL0002');
insert into TLOCATION2018 values('L004','01/01/2013','31/12/2016','CL0001');

